case_id,title,observed_outcome,min_clearance_m,min_positive_ttc_s,physical_contact,episode_termination,scenario,map,clip,source_report,quality_review,full_log,actor_trace,events
013_Zoox_February_19_2025,Adjacent cut-in with a cyclist ahead,The ADS braked but made contact with the cutting-in vehicle.,0.0,0.03,True,collision_exit,scenarios/013_Zoox_February_19_2025/simulation/scenario.xosc,scenarios/013_Zoox_February_19_2025/simulation/map.xodr,scenarios/013_Zoox_February_19_2025/preview/interaction.mp4,scenarios/013_Zoox_February_19_2025/source/report.pdf,scenarios/013_Zoox_February_19_2025/evidence/quality_review.json,scenarios/013_Zoox_February_19_2025/evidence/logs/openscenario_full.log,scenarios/013_Zoox_February_19_2025/evidence/sim_trace_raw.jsonl,scenarios/013_Zoox_February_19_2025/evidence/events.jsonl
035_Zoox_January_26_2025,ADS left turn with crossing traffic,The crossing vehicle contacted the ADS; the ADS also briefly departed its lane during the turn.,0.0,0.022,True,collision_exit,scenarios/035_Zoox_January_26_2025/simulation/scenario.xosc,scenarios/035_Zoox_January_26_2025/simulation/map.xodr,scenarios/035_Zoox_January_26_2025/preview/interaction.mp4,scenarios/035_Zoox_January_26_2025/source/report.pdf,scenarios/035_Zoox_January_26_2025/evidence/quality_review.json,scenarios/035_Zoox_January_26_2025/evidence/logs/openscenario_full.log,scenarios/035_Zoox_January_26_2025/evidence/sim_trace_raw.jsonl,scenarios/035_Zoox_January_26_2025/evidence/events.jsonl
038_Waymo_December_17_2024,Partial encroachment beside an ADS-controlled truck,"The truck braked. Minimum reviewed clearance was approximately 3.73 m, with no contact.",3.725,,False,signal:15,scenarios/038_Waymo_December_17_2024/simulation/scenario.xosc,scenarios/038_Waymo_December_17_2024/simulation/map.xodr,scenarios/038_Waymo_December_17_2024/preview/interaction.mp4,scenarios/038_Waymo_December_17_2024/source/report.pdf,scenarios/038_Waymo_December_17_2024/evidence/quality_review.json,scenarios/038_Waymo_December_17_2024/evidence/logs/openscenario_full.log,scenarios/038_Waymo_December_17_2024/evidence/sim_trace_raw.jsonl,scenarios/038_Waymo_December_17_2024/evidence/events.jsonl
055_Waymo_November_3_2024_(1),Cross-traffic vehicle turning right into the ADS path,The NPC contacted the ADS after turning right.,4.835,,True,collision_exit,scenarios/055_Waymo_November_3_2024_(1)/simulation/scenario.xosc,scenarios/055_Waymo_November_3_2024_(1)/simulation/map.xodr,scenarios/055_Waymo_November_3_2024_(1)/preview/interaction.mp4,scenarios/055_Waymo_November_3_2024_(1)/source/report.pdf,scenarios/055_Waymo_November_3_2024_(1)/evidence/quality_review.json,scenarios/055_Waymo_November_3_2024_(1)/evidence/logs/openscenario_full.log,scenarios/055_Waymo_November_3_2024_(1)/evidence/sim_trace_raw.jsonl,scenarios/055_Waymo_November_3_2024_(1)/evidence/events.jsonl
097_Zoox_May_30_2024,Roadside vehicle merging into the ADS lane,The ADS braked but made contact with the merging vehicle.,0.0,0.008,True,collision_exit,scenarios/097_Zoox_May_30_2024/simulation/scenario.xosc,scenarios/097_Zoox_May_30_2024/simulation/map.xodr,scenarios/097_Zoox_May_30_2024/preview/interaction.mp4,scenarios/097_Zoox_May_30_2024/source/report.pdf,scenarios/097_Zoox_May_30_2024/evidence/quality_review.json,scenarios/097_Zoox_May_30_2024/evidence/logs/openscenario_full.log,scenarios/097_Zoox_May_30_2024/evidence/sim_trace_raw.jsonl,scenarios/097_Zoox_May_30_2024/evidence/events.jsonl
120_Zoox_February_22_2024_(1),Large turning vehicle at an intersection,The turning vehicle contacted the ADS.,5.667,0.933,True,collision_exit,scenarios/120_Zoox_February_22_2024_(1)/simulation/scenario.xosc,scenarios/120_Zoox_February_22_2024_(1)/simulation/map.xodr,scenarios/120_Zoox_February_22_2024_(1)/preview/interaction.mp4,scenarios/120_Zoox_February_22_2024_(1)/source/report.pdf,scenarios/120_Zoox_February_22_2024_(1)/evidence/quality_review.json,scenarios/120_Zoox_February_22_2024_(1)/evidence/logs/openscenario_full.log,scenarios/120_Zoox_February_22_2024_(1)/evidence/sim_trace_raw.jsonl,scenarios/120_Zoox_February_22_2024_(1)/evidence/events.jsonl
135_Zoox_January_1_2024_(A),Three-vehicle intersection conflict,A crossing SUV contacted the ADS; the ADS departed its lane later in the episode.,5.136,0.641,True,scenario_completed,scenarios/135_Zoox_January_1_2024_(A)/simulation/scenario.xosc,scenarios/135_Zoox_January_1_2024_(A)/simulation/map.xodr,scenarios/135_Zoox_January_1_2024_(A)/preview/interaction.mp4,scenarios/135_Zoox_January_1_2024_(A)/source/report.pdf,scenarios/135_Zoox_January_1_2024_(A)/evidence/quality_review.json,scenarios/135_Zoox_January_1_2024_(A)/evidence/logs/openscenario_full.log,scenarios/135_Zoox_January_1_2024_(A)/evidence/sim_trace_raw.jsonl,scenarios/135_Zoox_January_1_2024_(A)/evidence/events.jsonl
144_Waymo_October_17_2023,Cyclist cut-in during an ADS turn,"The ADS braked and departed its lane. Minimum reviewed clearance was approximately 1.84 m, with no contact.",1.842,,False,scenario_completed,scenarios/144_Waymo_October_17_2023/simulation/scenario.xosc,scenarios/144_Waymo_October_17_2023/simulation/map.xodr,scenarios/144_Waymo_October_17_2023/preview/interaction.mp4,scenarios/144_Waymo_October_17_2023/source/report.pdf,scenarios/144_Waymo_October_17_2023/evidence/quality_review.json,scenarios/144_Waymo_October_17_2023/evidence/logs/openscenario_full.log,scenarios/144_Waymo_October_17_2023/evidence/sim_trace_raw.jsonl,scenarios/144_Waymo_October_17_2023/evidence/events.jsonl
262_Zoox_February_11_2023,Lead-vehicle slowdown and ADS following response,"The ADS braked and exhibited stop-and-go motion. Minimum reviewed clearance was approximately 1.19 m, with no contact.",1.194,0.845,False,scenario_completed,scenarios/262_Zoox_February_11_2023/simulation/scenario.xosc,scenarios/262_Zoox_February_11_2023/simulation/map.xodr,scenarios/262_Zoox_February_11_2023/preview/interaction.mp4,scenarios/262_Zoox_February_11_2023/source/report.pdf,scenarios/262_Zoox_February_11_2023/evidence/quality_review.json,scenarios/262_Zoox_February_11_2023/evidence/logs/openscenario_full.log,scenarios/262_Zoox_February_11_2023/evidence/sim_trace_raw.jsonl,scenarios/262_Zoox_February_11_2023/evidence/events.jsonl
293_Zoox_October_14_2022,Oncoming left-turn onset conflict,Contact occurred early in the oncoming vehicle's turn; the ADS braked to a stop.,0.0,0.035,True,collision_exit,scenarios/293_Zoox_October_14_2022/simulation/scenario.xosc,scenarios/293_Zoox_October_14_2022/simulation/map.xodr,scenarios/293_Zoox_October_14_2022/preview/interaction.mp4,scenarios/293_Zoox_October_14_2022/source/report.pdf,scenarios/293_Zoox_October_14_2022/evidence/quality_review.json,scenarios/293_Zoox_October_14_2022/evidence/logs/openscenario_full.log,scenarios/293_Zoox_October_14_2022/evidence/sim_trace_raw.jsonl,scenarios/293_Zoox_October_14_2022/evidence/events.jsonl
