case_id,profile,title,test_value,observed_outcome,min_clearance_m,min_positive_ttc_s,physical_contact,ads_lane_departure_samples,episode_termination,source_reconstruction_accepted,scene,map,clip,limitations
013_Zoox_February_19_2025,critical,邻车切入与前方骑行者,测试多车道行驶中相邻车辆突然切入时的避让能力。,ADS 制动但仍与切入车发生接触。,0.0,0.03,True,0,collision_exit,False,cases/013_Zoox_February_19_2025/scenario.xosc,cases/013_Zoox_February_19_2025/map.xodr,cases/013_Zoox_February_19_2025/interaction.mp4,保留骑行者在切入车前方的关系；实验速度与间距有调整，未验收原事故的接触部位。
035_Zoox_January_26_2025,critical,左转与横向直行冲突,测试自车左转时应对横向来车的能力。,横向来车与 ADS 接触；ADS 转弯过程中也出现短暂车道偏离。,0.0,0.022,True,3,collision_exit,False,cases/035_Zoox_January_26_2025/scenario.xosc,cases/035_Zoox_January_26_2025/map.xodr,cases/035_Zoox_January_26_2025/interaction.mp4,NPC 车道轨迹通过检查；ADS 偏离是实测结果。交通信号合规未验收。
038_Waymo_December_17_2024,tight,卡车邻车部分侵入,测试卡车面对邻车为骑行者让行而部分侵入的横向净空。,卡车制动，最小净空约 3.73 米，未发生接触。,3.725,,False,0,signal:15,False,cases/038_Waymo_December_17_2024/scenario.xosc,cases/038_Waymo_December_17_2024/map.xodr,cases/038_Waymo_December_17_2024/interaction.mp4,被测 ADS 映射至报告中的卡车；六秒交互有效，完整长时运行最终达到墙钟超时，未复现报告中的接触。
055_Waymo_November_3_2024_(1),critical,横向车辆右转并入,测试路口右转车辆进入 ADS 行驶路径的交互。,NPC 右转后与 ADS 接触。,4.835,,True,0,collision_exit,False,cases/055_Waymo_November_3_2024_(1)/scenario.xosc,cases/055_Waymo_November_3_2024_(1)/map.xodr,cases/055_Waymo_November_3_2024_(1)/interaction.mp4,用普通车辆代理报告中的救护车；不测试应急车辆优先权，也未复现精确接触位置。
097_Zoox_May_30_2024,critical,路侧车辆并线,测试相邻车辆并线导致的侧向冲突。,ADS 有制动，仍与并线车辆接触。,0.0,0.008,True,0,collision_exit,False,cases/097_Zoox_May_30_2024/scenario.xosc,cases/097_Zoox_May_30_2024/map.xodr,cases/097_Zoox_May_30_2024/interaction.mp4,源报告是停车后驶入；本压力变体将 NPC 设为低速接近，不能宣称复现停车起步全过程。
120_Zoox_February_22_2024_(1),critical,大型车辆路口转弯,测试自车起步通过路口时与转弯车辆的交互。,转弯车辆与 ADS 接触。,5.667,0.933,True,0,collision_exit,False,cases/120_Zoox_February_22_2024_(1)/scenario.xosc,cases/120_Zoox_February_22_2024_(1)/map.xodr,cases/120_Zoox_February_22_2024_(1)/interaction.mp4,保留起步与转弯关系；车辆模型未复现原公交车前部自行车架。
135_Zoox_January_1_2024_(A),critical,三车路口横向冲突,测试直行 ADS、横向来车和停止线前静止车辆组成的路口冲突。,横向 SUV 与 ADS 接触；运行后段有车道偏离。,5.136,0.641,True,0,scenario_completed,False,cases/135_Zoox_January_1_2024_(A)/scenario.xosc,cases/135_Zoox_January_1_2024_(A)/map.xodr,cases/135_Zoox_January_1_2024_(A)/interaction.mp4,只验收可用交互，未复现 SUV 旋转后二次撞击静止车辆的完整事故链。
144_Waymo_October_17_2023,critical,转弯时骑行者切入,测试自车转弯与骑行者侧向接近的避让表现。,最小净空约 1.84 米，ADS 制动且出现车道偏离，未发生接触。,1.842,,False,21,scenario_completed,False,cases/144_Waymo_October_17_2023/scenario.xosc,cases/144_Waymo_October_17_2023/map.xodr,cases/144_Waymo_October_17_2023/interaction.mp4,初始速度经过实验校准；不把未碰撞等同于整个驾驶任务成功。
262_Zoox_February_11_2023,critical,前车减速与跟车制动,测试前方 SUV 减速时 ADS 的跟车间距和制动响应。,前车明显减速，ADS 制动并出现停走，最小净空约 1.19 米，未发生接触。,1.194,0.845,False,0,scenario_completed,False,cases/262_Zoox_February_11_2023/scenario.xosc,cases/262_Zoox_February_11_2023/map.xodr,cases/262_Zoox_February_11_2023/interaction.mp4,ADS 映射至原报告中的后车；前车目标速度由 3.8 降至 2.4 m/s，实测峰值减速度约 3.71 m/s²，不声称复现原报告中的完全停车。
293_Zoox_October_14_2022,critical,对向左转起始冲突,测试直行 ADS 与对向左转车辆的冲突。,对向车辆开始左转时与 ADS 接触，ADS 制动至停止。,0.0,0.035,True,0,collision_exit,False,cases/293_Zoox_October_14_2022/scenario.xosc,cases/293_Zoox_October_14_2022/map.xodr,cases/293_Zoox_October_14_2022/interaction.mp4,已核实对向来车道路；碰撞发生在转弯早段，未复现完整转弯和原事故精确接触位置，信号合规未验收。
